contest_no,count,last_sub_date,remarks
1242,4,2026-01-19,solved all
1174,4,2026-01-19,solved all
1470,3,2026-01-19,
1485,3,2026-01-19,50 min
1484,3,2026-01-19,45 min
1150,4,2026-01-19,
1483,2,2026-01-19,do again 40 min
259,3,2026-01-19,49 min
2173,2,2026-01-19,25 min
2149,3,2026-01-19,
2151,2,2026-01-19,35 mn
1153,3,2026-01-19,38 min
2166,3,2026-01-19,1 hr
2167,3,2026-01-19,
1471,2,2026-01-19,45 min
1469,2,2026-01-19,1 hr
1467,2,2026-01-19,10 mn
1465,1,2026-01-19,3 mn
1464,2,2026-01-19,20 mn
1462,2,2026-01-19,37 mn
1456,1,2026-01-19,1 mn
1450,2,2026-01-19,27 mn
1449,2,2026-01-19,50 mn
1291,2,2026-01-19,27 mn
1290,2,2026-01-19,1 hr
1448,2,2026-01-19,
1445,2,2026-01-19,
2155,2,2026-01-19,
1443,1,2026-01-19,
1442,3,2026-01-19,4th try again after some time
1402,2,2026-01-19,1 hr
2115,3,2026-01-21,4th - will comp to lvl up
